ground truth,base model mu,source model mu,adapted model mu,target model mu
0.96667,1.8170511722564697,0.8636750155294699,0.8636750155294699,0.8636750155294699
0.93333,1.3835030794143677,1.0376589056250012,1.0925670600925887,0.9083324633196485
0.96667,1.8572734594345093,1.0109358524910812,1.0142662288036037,0.9253256054522148
0.8,1.509137749671936,0.987314919884831,0.9717552955209021,0.9433088329095216
0.8,1.7671458721160889,0.9707680239546868,0.935403383300385,0.8985628263307266
0.93333,1.8736392259597778,0.8704299979273387,0.8221907722101863,0.9024185000788283
0.8,1.8359254598617554,0.8993246611951076,0.8805594696536101,0.8729987237774082
0.83333,0.8892486691474915,0.775837476769512,0.7703364883568886,0.7659578021031725
