ground truth,base model mu,source model mu,adapted model mu,target model mu
0.86667,1.3690855503082275,0.8797044369666613,0.8797044369666613,0.8797044369666613
0.76667,1.7329325675964355,0.9041761658403669,0.8557951849854003,0.7727198165144484
0.7,1.3215388059616089,0.8704562847244617,0.8039486183577689,0.7695100088945397
0.7,1.2812433242797852,0.8590402305147444,0.770485245125084,0.7432397043559829
0.7,1.045213222503662,0.8579434381564637,0.7608551899017473,0.7241148306411871
0.73333,1.430467128753662,0.8511015430975508,0.7454643909910538,0.7165096753097746
0.76667,2.0859060287475586,0.9662370689154303,0.8620618616561051,0.7276921131608383
0.8,1.658394694328308,0.8499922314437773,0.7631036844359209,0.6936350283692634
0.73333,0.5780795216560364,0.6931976343433659,0.692239947265957,0.670343012334444
