ground truth,base model mu,source model mu,adapted model mu,target model mu
0.86667,0.0,0.8082119170891424,0.8082119170891424,0.8082119170891424
0.76667,0.23622043430805206,0.8416540488564674,0.8598603593236925,0.8032329114329286
0.8,0.21563756465911865,0.7555635929133127,0.755331395714208,0.7476941199164464
0.73333,0.2219710350036621,0.845814533652387,0.833663287625741,0.7616810141605064
0.73333,0.39868247509002686,0.8386412197715689,0.7983329978438543,0.7507276357249508
0.66667,0.0,0.6593854813949616,0.6008057350230883,0.7251886879722937
0.73333,0.0,0.627314230816113,0.629890193621593,0.7043868872987878
0.0,0.14149601757526398,0.5928009065669526,0.5920105502420524,0.7664118845494086
0.3,0.008076410740613937,0.49321061364165963,0.47335167992378013,0.31154229516022003
