ground truth,base model mu,source model mu,adapted model mu,target model mu
0.83333,0.5469676852226257,0.6625314950165102,0.6625314950165102,0.6625314950165102
0.76667,0.23266196250915527,0.6622434779853923,0.6628399009307078,0.5505900125943883
0.86667,0.7262157797813416,0.623095088528649,0.6858597037342212,0.7180641815666449
0.8,0.6553774476051331,0.5897608375823773,0.7265356039872491,0.7973945202081565
0.8,0.6026757955551147,0.5659170302716339,0.739194270533027,0.7907819121118846
0.76667,0.8064490556716919,0.5802437659011206,0.7519008630109343,0.7749723569890523
0.7,0.5452941656112671,0.5804296640410036,0.6913651640784214,0.6994714701249216
0.66667,0.33647531270980835,0.8168723700175167,0.8149305806654441,0.7024663636922006
0.53333,0.41167789697647095,0.5469570309048133,0.5488367944679953,0.717733417596597
