ground truth,base model mu,source model mu,adapted model mu,target model mu
0.9,0.0,0.6560800203246937,0.6560800203246937,0.6560800203246937
0.83333,0.0,0.700373646134272,0.8384112076490672,0.8293019225695832
0.76667,0.0,0.6580189256660463,0.6655525634613226,0.696631306243438
0.66667,0.0,0.6428217471158897,0.7809198752512118,0.8288422718652773
0.66667,0.0,0.6184180616417283,0.7101190411335357,0.722696853063578
0.66667,0.0,0.5294637355401504,0.5884763543146869,0.6886030245067085
0.63333,0.0,0.5462968608042313,0.6115012357434537,0.6626665095624196
0.53333,0.0,0.5139707032312972,0.5250833782139956,0.7534843874951963
0.46667,0.0,0.46920489549537825,0.4768963625912529,0.565001235330679
