ground truth,base model mu,source model mu,adapted model mu,target model mu
0.96667,1.172922134399414,0.8503577505390283,0.8503577505390283,0.8503577505390283
0.96667,1.277325987815857,0.8216522742561732,0.9039012236185979,0.921525253647052
0.96667,1.4256181716918945,0.7976896127011344,0.8934672575825948,0.9271945643877022
0.9,1.0945500135421753,0.8011149740105505,0.9102225056686627,0.9360771468631444
0.96667,1.203918218612671,0.8126331866764998,0.9237948710334778,0.9234518324291646
0.93333,0.9991834759712219,0.7046704556233543,0.8107149587664106,0.9096717376751704
0.86667,0.3516509234905243,0.7492646820629476,0.7519084983050615,0.7294894012103081
0.7,0.1589067280292511,0.6612039924521256,0.6683460865673663,0.778356619432806
