ground truth,base model mu,source model mu,adapted model mu,target model mu
0.83333,1.0373883247375488,0.8196328993973412,0.8196328993973412,0.8196328993973412
0.9,0.7830947041511536,0.8024601438103942,0.7859859692454559,0.7609183821473247
0.83333,1.0780080556869507,0.8537121121024336,0.8779652912266882,0.8100792288024115
0.86667,0.46882227063179016,0.6806635357325928,0.6922655614593632,0.7819391398403193
0.86667,1.0704915523529053,0.7581572466205897,0.8050162148684255,0.8292859825985768
0.66667,0.0,0.504936015267913,0.5619296922669973,0.7881194878961355
0.36667,0.0,0.46947343035841005,0.527647725116813,0.6568617689849017
