ground truth,base model mu,source model mu,adapted model mu,target model mu
0.93333,0.0,0.7828580374167795,0.7828580374167795,0.7828580374167795
1.0,0.48382920026779175,0.7511263955022804,0.8265332602042058,0.8704097461013037
1.0,0.46106547117233276,0.7990139005944257,0.9380037231230856,0.939850821542715
1.0,0.3366830348968506,0.7925217721949065,0.9615615198506312,0.9668312114525759
1.0,0.0508231446146965,0.7510736176409747,0.9011925299523367,0.9530608570041923
1.0,0.9220096468925476,0.9874545061426554,0.9886024018652622,0.8055201950280585
1.0,1.001028299331665,0.9594837760967696,0.9669546253410942,0.9886014933674279
1.0,1.1455668210983276,0.7710037939759626,0.8641715772350725,0.6748883050226784
1.0,0.0,0.8523758511369826,0.9723539494922926,0.9926759829587628
