ground truth,base model mu,source model mu,adapted model mu,target model mu
1.0,0.38459059596061707,0.780132370556248,0.780132370556248,0.780132370556248
0.93333,0.0,0.771914262250045,0.8942982142662133,0.9230759241895369
0.86667,0.4001348614692688,0.7781929063935613,0.9131238378157994,0.9445565487369606
0.86667,0.16111968457698822,0.7237104913958223,0.8584768368017714,0.9207759844501682
0.93333,0.20312955975532532,0.7470692762000386,0.9042296055399031,0.9018293913633889
0.93333,0.08191107958555222,0.6710219574151592,0.8209588111158773,0.8636133945590456
0.93333,0.9248188734054565,0.9084772223620838,0.9087805084692528,0.7264966527928722
0.93333,0.6651253700256348,0.9090340339062628,0.9098590325409999,0.9027786421179342
0.9,0.920567512512207,0.8933816927274982,0.8957308437394792,0.9279212882027276
