ground truth,base model mu,source model mu,adapted model mu,target model mu
0.86667,0.0,0.7479117503270474,0.7479117503270474,0.7479117503270474
0.8,0.0,0.662586511555106,0.7185553153447409,0.7740368815217686
0.76667,0.0,0.713002847155277,0.7973256317293249,0.7785722900618539
0.73333,0.0,0.7351057235145069,0.8156715690633005,0.7754508614215188
0.73333,0.0,0.6728799423929819,0.7189785144047622,0.7431389537918118
0.66667,0.0,0.5816443588892537,0.6183739885642908,0.7065244167408432
0.66667,0.22441646456718445,0.5920000220439983,0.593352660263605,0.5475682089975543
0.63333,0.06882359832525253,0.5247244636203767,0.5341425552460023,0.6344011433026685
0.53333,0.18942347168922424,0.35774258235442424,0.36200047053591133,0.6038449789328733
