ground truth,base model mu,source model mu,adapted model mu,target model mu
1.0,1.2785111665725708,1.0168867642668409,1.0168867642668409,1.0168867642668409
1.0,0.666711151599884,1.032621318335865,1.0138500708855662,0.8674339600659715
1.0,0.8328003287315369,0.9765256389016694,0.9487628883600259,0.9613306443434458
0.96667,0.18825572729110718,0.9235477222237107,0.9145741610152938,0.9511901695490739
0.86667,1.2835193872451782,0.9390129850308131,0.9171327412424272,0.9489754428350947
1.0,1.470068335533142,0.9860393972269583,0.972215519820685,0.9043320948452237
0.86667,1.303203821182251,0.9124958313185663,0.8895630972550885,0.8980571011583034
0.83333,0.4951482117176056,0.8589983382955904,0.8591194030368507,0.6900226543774365
0.7,0.49528950452804565,0.7807211121766535,0.7708201112348289,0.7774787641967184
