ground truth,base model mu,source model mu,adapted model mu,target model mu
0.83333,1.971575140953064,0.7748947980861907,0.774894798086,0.774894798086
0.76667,0.24351981282234192,0.5130717095338291,0.513127408049,0.626540784676
0.86667,2.181760549545288,0.8318614486121305,0.817245221282,0.732759986258
0.8,2.0994362831115723,0.7505433287924497,0.749246507634,0.786792468709
0.8,1.9957859516143799,0.7660388473594324,0.775557544267,0.793243639948
0.76667,2.02258563041687,0.7398576755884463,0.749759228051,0.754628253114
0.7,2.136406660079956,0.7101521781236482,0.711260431485,0.727791234031
0.66667,0.8303714990615845,0.7131224741731117,0.715416604857,0.733422975492
0.53333,0.31415754556655884,0.5099960195900479,0.511453793347,0.694311487588
