ground truth,base model mu,source model mu,adapted model mu,target model mu
0.93333,0.0,0.6547437204922182,0.6547437204922182,0.6547437204922182
0.76667,0.0,0.6066168164469437,0.7681225675195338,0.8224520690047916
0.9,0.0,0.5699483896729838,0.6692592836386693,0.7262797728878756
0.73333,0.003441624343395233,0.6703622388233574,0.878514453852898,0.8138821279826922
0.73333,0.0,0.5709340563208647,0.708214629472237,0.8116808494397263
0.7,0.0,0.48754093567422707,0.6226418511058905,0.7564157707898952
0.53333,0.0,0.41004105302025984,0.5071421099732817,0.6629046727693668
0.4,0.0,0.4347986168097604,0.4348013754805935,0.48449947297584295
