ground truth,base model mu,source model mu,adapted model mu,target model mu
0.9,1.980618953704834,1.0427174083260389,1.0427174083260389,1.0427174083260389
0.93333,1.6892281770706177,1.0185470108772248,0.9558502162195412,0.8645545650599306
0.93333,0.5255882740020752,0.8989173794563827,0.8959694635640292,0.820920403657325
0.9,1.990816354751587,0.9587672318732312,0.8741699802875229,0.8874653520650716
0.93333,2.241062879562378,0.9838187311131339,0.9266552751351237,0.8929462269078685
0.96667,1.6874672174453735,0.9435555363960537,0.8825883210175608,0.9119057506563645
0.86667,0.673436164855957,0.9416720529561129,0.9375005762998119,0.91183969592515
0.96667,1.1253793239593506,0.9536231857093993,0.9315290724602227,0.8947875833488625
0.83333,1.2420997619628906,0.9458956159592633,0.9280565033286736,0.92739814947344
