ground truth,base model mu,source model mu,adapted model mu,target model mu
0.93333,0.6385042667388916,0.9254039503227869,0.9254039503227869,0.9254039503227869
1.0,0.40366241335868835,0.8567587799159644,0.8618732836911247,0.9014159332707268
1.0,0.5752650499343872,0.8664292642281968,0.9038464640007396,0.9349333112558446
0.96667,0.5367492437362671,0.8891555008619156,0.9450436399266693,0.9406283758754782
0.93333,0.4060598313808441,0.7783986420185096,0.8442394500289129,0.9415538978840718
0.86667,1.044573426246643,0.8342007660674176,0.9110394635244905,0.9159390504005653
0.93333,0.20605167746543884,0.915584332125829,0.9550690183309027,0.8886727137841226
0.73333,0.07123830914497375,0.8543154708811733,0.8316041512084017,0.8487592614045663
