ground truth,base model mu,source model mu,adapted model mu,target model mu
0.93333,1.4680562019348145,0.9969487446896574,0.99694874469,0.99694874469
0.76667,1.2637559175491333,0.9468507593176827,0.846710567405,0.83532486253
0.9,0.8122822642326355,0.9109609937358853,0.82268596725,0.749876964012
0.73333,0.7728588581085205,0.8848007314214623,0.792876904838,0.795637674994
0.73333,0.23612424731254578,0.7805139981030407,0.66839868387,0.777828112012
0.7,0.0,0.7029780578300073,0.604371094097,0.720857665353
0.53333,0.0,0.6267674111361421,0.568583717378,0.635584127636
0.4,0.06235748156905174,0.507395217810974,0.508317893135,0.665572908257
