ground truth,base model mu,source model mu,adapted model mu,target model mu
0.93333,0.8674049973487854,1.1639789322173093,1.16397893222,1.16397893222
1.0,0.5902374982833862,1.1680058531432302,1.0340386004,0.899761549412
1.0,0.6449435353279114,1.1615770872204116,1.04485210512,0.937863869137
0.96667,1.0696433782577515,1.21041468455135,1.06482698224,0.940250539836
0.93333,0.6233694553375244,1.1464352871234404,0.962996293621,0.932699156008
0.86667,0.7271327972412109,1.0290016702631268,0.864631313536,0.89157122931
0.93333,0.49768951535224915,1.0620711203824895,0.964285547099,0.880824918106
0.73333,0.36910727620124817,0.9763919132288932,0.799763288533,0.831435963997
