ground truth,base model mu,source model mu,adapted model mu,target model mu
0.9,2.5422561168670654,1.1410685712290727,1.14106857123,1.14106857123
0.93333,1.94175386428833,1.0710484515488887,0.942372535329,0.862951533943
0.93333,0.5631580948829651,0.9079459734992954,0.904740444233,0.798575564126
0.9,2.028761386871338,1.0392783803109569,0.898271310354,0.900110340964
0.93333,1.9036153554916382,1.043488050663901,0.931142979913,0.900013605231
0.96667,2.3486948013305664,1.023416297949793,0.876673988215,0.900740612821
0.86667,0.8867449164390564,0.947336536771145,0.941785581137,0.911824236533
0.96667,1.8345214128494263,1.0197302498710321,0.947478993745,0.886774464621
0.83333,2.040422201156616,1.0741933114081412,0.995082373705,0.93445459873
