ground truth,base model mu,source model mu,adapted model mu,target model mu
0.96667,0.753768265247345,0.8427078627162086,0.842707862716,0.842707862716
0.93333,0.3485388159751892,0.835580893605524,0.901196730844,0.894941906623
0.96667,0.5198847055435181,0.8006803063380978,0.877294334379,0.9113824491
0.8,0.13639412820339203,0.8605453218921149,0.957610172944,0.93846375126
0.8,0.4995611011981964,0.7979064315829074,0.876479217603,0.89455280805
0.93333,0.6749148368835449,0.7923113337160483,0.870930569918,0.892211140931
0.8,0.0,0.6823325003079113,0.759113656716,0.856890397442
0.83333,0.5059563517570496,0.7114077636307279,0.711813179787,0.665918026876
