ground truth,base model mu,source model mu,adapted model mu,target model mu
0.86667,1.44794762134552,0.7005303180153604,0.700530318015,0.700530318015
0.76667,0.9201505184173584,0.6893343520486006,0.753286799254,0.768422735003
0.7,1.0913807153701782,0.6963826608926738,0.751753155282,0.765610518401
0.7,0.8090709447860718,0.6201037935466687,0.667669483912,0.741221395124
0.7,1.285818099975586,0.6535316423295221,0.70087845887,0.716447115275
0.73333,0.9315820336341858,0.6551685803026679,0.707713064645,0.704714812347
0.76667,1.123848795890808,0.6765825382155484,0.751330232875,0.732484474071
0.8,1.426263451576233,0.6774692027602285,0.750357099899,0.70787840807
0.73333,0.4111131429672241,0.6548679090339213,0.655784989893,0.621433934248
