ground truth,base model mu,source model mu,adapted model mu,target model mu
0.86667,0.9059940576553345,0.8712277193802649,0.87122771938,0.87122771938
0.76667,0.5208158493041992,0.852041175134957,0.839108341264,0.796267911028
0.8,0.20518732070922852,0.7018683814197857,0.700618857954,0.711423618424
0.73333,0.0,0.8585003600599119,0.822431900534,0.75292536128
0.73333,0.6455900073051453,0.8296134810843547,0.759847389117,0.741935376733
0.66667,0.06833667308092117,0.7326688497537468,0.66282887649,0.737100942152
0.73333,0.328766793012619,0.6845544890585415,0.653965639518,0.726222676211
0.0,0.22775819897651672,0.5476851587653577,0.548983265349,0.758337857894
0.3,0.1207115650177002,0.4268839501994215,0.411084824263,0.312873377082
