ground truth,base model mu,source model mu,adapted model mu,target model mu
0.96667,0.22148239612579346,0.9001138781443032,0.900113878144,0.900113878144
1.0,0.0,0.8425023768380786,0.894746117551,0.878119695768
1.0,0.0,0.8576992115250537,0.952212215096,0.963187644246
0.9,0.4169546961784363,0.8341751307805421,0.90956510492,0.908425910935
1.0,0.0,0.833298202301048,0.956305512059,0.956833590876
1.0,0.0,0.8094647804121813,0.949895413088,0.962840827307
0.96667,0.5061034560203552,0.9325851041698847,0.938227621514,0.737847512146
0.96667,0.3877485692501068,0.9367194893145605,0.953481421519,0.949190715652
