ground truth,base model mu,source model mu,adapted model mu,target model mu
0.96667,1.7613903284072876,0.7428563134659321,0.742856313466,0.742856313466
1.0,1.8101177215576172,0.7403924871457725,0.921435891708,0.911947967607
0.93333,1.8882393836975098,0.8199238206576265,1.01391471209,0.820306164274
1.0,2.0481631755828857,0.857223630761009,1.01229713805,0.949950011162
1.0,0.3793913424015045,0.8151184847533308,0.815363825903,0.660324208024
0.96667,1.60029137134552,0.8030266323075672,0.986469373254,0.958358807386
0.0,1.2568424940109253,0.579910804909102,0.584998936359,0.656759775015
1.0,0.38606253266334534,0.8626710646606597,0.867988998695,0.82396523147
1.0,0.14123329520225525,0.49190880630309763,0.508190229776,0.972224136855
