ground truth,base model mu,source model mu,adapted model mu,target model mu
0.96667,2.2406435012817383,0.8499683612451434,0.8499683612451434,0.8499683612451434
1.0,2.27655291557312,0.9572362609316221,1.0185183657463273,0.8812900748674962
1.0,2.450728416442871,0.7845520318337629,0.8568783395869553,0.919586583031516
0.96667,2.5840952396392822,0.8230042118494199,0.9456453163645934,0.9585261713207711
0.93333,2.396353006362915,0.8282719502063824,0.9464393946044624,0.927684040253836
1.0,2.8546838760375977,0.7108936403264026,0.875129156833861,0.9193937973921074
0.9,0.7595352530479431,0.9893926959077657,0.9894269189955481,0.7481671719199163
0.93333,0.9738768339157104,0.9979930439933418,0.9879410784404534,0.9064817754743684
0.93333,1.1057900190353394,0.9973876452554447,0.980225616575973,0.9139107645325747
