ground truth,base model mu,source model mu,adapted model mu,target model mu
1.0,0.8507834672927856,0.9813475843544233,0.9813475843544233,0.9813475843544233
0.9,1.0417571067810059,0.9816390738932568,0.9843946046118152,0.9411560769856429
0.9,1.457435131072998,0.9295755443876761,0.904355665306337,0.8654423306785561
1.0,1.0485352277755737,0.9095919514019795,0.9219415335680856,0.9473301857590559
0.76667,1.3039757013320923,0.8294225765316088,0.8258172769707344,0.8387520155167842
0.93333,0.6570377349853516,0.9388787175115088,0.9382453407333945,0.6701439921771611
1.0,1.7720915079116821,0.9589229076776618,0.9497616711467687,0.8728419787969939
0.93333,1.6260685920715332,0.9438865563148275,0.9513202857801362,0.93605330122078
