ground truth,base model mu,source model mu,adapted model mu,target model mu
0.93333,0.06149723753333092,0.8536861046655937,0.8536861046655937,0.8536861046655937
1.0,0.3080703318119049,0.7868845669782665,0.8786245477087145,0.8775288224761705
0.96667,0.0,0.7372276436795364,0.8736158517718021,0.9086680925834804
0.96667,0.0,0.7677976101150428,0.9347774692533348,0.9523394447456761
0.96667,0.0,0.7875374075669948,0.958356095245561,0.9485963836182955
1.0,0.0,0.7621544762091117,0.962637026450079,0.9669057062155795
0.96667,0.26212260127067566,0.7558624278978978,0.9365963481355449,0.9313996028339724
0.86667,0.0,0.7542001648902816,0.9067335013189833,0.894223177139569
0.86667,0.5374614000320435,0.8283012631775153,0.8319301613422946,0.5275557038886483
