ground truth,base model mu,source model mu,adapted model mu,target model mu
0.86667,0.0,0.7207797044289004,0.7207797044289004,0.7207797044289004
0.8,0.0,0.7029036666748556,0.8117118217359031,0.7976398572076222
0.9,0.0,0.6832948761494619,0.7687532683172955,0.7901706930780671
0.86667,0.0,0.649910227831646,0.7935434093069217,0.8036473426679667
0.86667,0.0,0.660061483491085,0.821842887947456,0.8165266405757519
0.63333,0.23937466740608215,0.661428457404535,0.7512197259657909,0.7673317344324497
0.73333,0.23694905638694763,0.5390239923339999,0.5394349884010949,0.5701047999535294
0.66667,0.2034958302974701,0.5070703195485937,0.5265532714438853,0.6938456728046718
