ground truth,base model mu,source model mu,adapted model mu,target model mu
0.93333,0.4180772602558136,0.6994779859524591,0.699477985952,0.699477985952
0.96667,0.5050573945045471,0.7934029233388777,0.830534478369,0.927498113679
0.96667,1.0295357704162598,0.999370979681709,1.02312339347,0.776941151032
1.0,1.3073210716247559,0.9467111848386072,0.945556750832,0.929691475239
1.0,0.6968019604682922,0.9119333936262066,0.914714600699,0.943166712327
0.96667,1.4667155742645264,1.0081735356942207,1.0336406926,0.950242963806
0.9,0.01717076450586319,0.8956456961415746,0.908188231111,0.919936358905
0.93333,0.1650122106075287,0.8388959027510143,0.856131867079,0.806124899787
0.83333,0.5036205649375916,0.7079029972859807,0.721555983972,0.931794333355
