ground truth,base model mu,source model mu,adapted model mu,target model mu
0.9,1.8355374336242676,1.2130245749864734,1.21302457499,1.21302457499
0.93333,1.9449175596237183,1.21104836749174,1.03382672709,0.881551350712
0.9,2.1107475757598877,1.1859978279580332,0.9791666387,0.894286771735
0.96667,2.122185230255127,1.1821930961321456,0.957095075506,0.903489528487
0.96667,2.2872540950775146,1.202738382865661,0.969274740941,0.92057013075
0.93333,2.39165997505188,1.152357075035253,0.913177017146,0.926715674339
0.96667,2.745901107788086,1.0924439443532883,0.853787861147,0.90302766486
0.96667,0.9979354739189148,0.8664397010152527,0.864554669636,0.814790898907
0.8,0.9259056448936462,0.8245345026675999,0.821116821549,0.849413698082
