ground truth,base model mu,source model mu,adapted model mu,target model mu
1.0,0.9341766834259033,0.7992057383115014,0.799205738312,0.799205738312
0.9,0.7081325650215149,0.7752458792274197,0.877818390647,0.921478522904
0.93333,0.747978150844574,0.7492627849225499,0.868091130846,0.915238385864
0.96667,0.775226891040802,0.7624579771078839,0.887203951755,0.919367914279
0.96667,0.9833539128303528,0.6980749114152349,0.855932929684,0.925696001647
0.83333,1.4256556034088135,0.7793906952613394,0.885994419998,0.86630122965
0.73333,1.4783127307891846,0.721337250447208,0.747383047881,0.740788203619
0.6,0.0,0.34747032695429425,0.34761176622,0.758803011769
