ground truth,base model mu,source model mu,adapted model mu,target model mu
0.96667,1.1017104387283325,0.6802283867329475,0.680228386733,0.680228386733
0.96667,1.151349425315857,0.7214452348485203,0.947946618059,0.930650083674
0.96667,1.258979082107544,0.6878223572567714,0.970307091466,0.897719255513
1.0,1.9730219841003418,0.7576587902141281,1.03798693927,0.932141570949
1.0,2.6817781925201416,0.7333826894495461,0.981500821076,0.94836488341
0.96667,2.1825740337371826,0.7481577491232319,0.968433151366,0.941074955558
0.9,1.837876558303833,0.7487623518127648,0.904092331464,0.905842573329
0.63333,0.4946736991405487,0.5526019398743571,0.552166768508,0.567319458531
0.46667,0.07440034300088882,0.3899062242766327,0.389555160598,0.537631026472
