ground truth,base model mu,source model mu,adapted model mu,target model mu
0.9,1.0032439231872559,0.4421823301485537,0.442182330149,0.442182330149
0.83333,0.82932448387146,0.41304923545009453,0.756350817692,0.864419479564
0.76667,0.8809055089950562,0.8298740870850225,0.825544662467,0.698045604321
0.66667,0.7632929086685181,0.5698838218940314,0.944202965323,0.833730753456
0.66667,1.2079278230667114,0.482608550017134,0.706168518467,0.722979089765
0.66667,0.8815422654151917,0.4137235513059707,0.599462213962,0.704734465532
0.63333,0.9217388033866882,0.29146143574821703,0.45881262657,0.64547816867
0.53333,0.943886399269104,0.5736014556393993,0.551245781369,0.783127156113
0.46667,0.926459789276123,0.5129530264587072,0.481169834384,0.594971934829
