ground truth,base model mu,source model mu,adapted model mu,target model mu
0.96667,1.5103760957717896,0.6717127583471276,0.671712758347,0.671712758347
0.96667,1.9580837488174438,0.725562511448751,0.937237989956,0.912828602542
0.96667,1.7910484075546265,0.8160834935564782,1.02128533729,0.946296088583
0.9,1.9447561502456665,0.637742820776733,0.826004127695,0.958607963496
0.96667,1.7532542943954468,0.4927094416430622,0.715379754848,0.932482387741
0.93333,1.5876673460006714,0.5430157175295438,0.79830468298,0.876247923704
0.86667,2.104355573654175,0.7499440184979758,0.751023103875,0.868722875315
0.7,2.330073595046997,0.6211335109426184,0.650733008939,0.765726269717
