ground truth,base model mu,source model mu,adapted model mu,target model mu
0.83333,3.2747642993927,1.0521409516649785,1.05214095166,1.05214095166
0.9,2.9655139446258545,0.9558231104902042,0.793502725721,0.767415034482
0.83333,3.647277593612671,0.9969676517165897,0.870422028243,0.81276208482
0.86667,3.352405309677124,0.8699914070684169,0.730118694726,0.780464679627
0.86667,3.8272831439971924,0.9572867975569324,0.835979115815,0.81458096884
0.66667,2.9932339191436768,0.621428869245082,0.553280220184,0.776788706393
0.36667,2.570540428161621,0.6244864365466207,0.62289986778,0.811989905095
