ground truth,base model mu,source model mu,adapted model mu,target model mu
0.93333,0.0,0.9033905750103108,0.90339057501,0.90339057501
0.93333,0.3121856153011322,0.8475242336122548,0.886954285939,0.925446180368
0.93333,0.03756346181035042,0.8717895214245144,0.924881924975,0.924726110568
0.93333,0.5657190680503845,0.8570869860028982,0.915443373349,0.909957692533
1.0,0.318467378616333,0.8344066458514672,0.914248432826,0.930750347181
1.0,0.5949392914772034,0.8406854328069528,0.928712030299,0.879851661097
1.0,0.40576663613319397,1.089083393251828,1.14958097875,0.897453941925
1.0,0.4813283085823059,1.0711377953841006,1.0485178004,0.979197109277
0.9,0.7412701845169067,1.0300494345308335,0.993590364697,0.950660533709
