ground truth,base model mu,source model mu,adapted model mu,target model mu
0.93333,1.4796538352966309,0.8307411306664303,0.830741130666,0.830741130666
0.93333,1.312097430229187,0.9255857497043123,0.960930595392,0.805696448866
0.9,1.2740634679794312,0.8580299008522867,0.879730582373,0.897679768125
0.86667,1.0333737134933472,0.8411926884494565,0.872691612779,0.91657317258
0.86667,0.9357776045799255,0.8703644020169725,0.900182314391,0.881694744713
0.9,0.8554511070251465,0.8572981203417149,0.880958954081,0.865700053479
0.76667,0.47947725653648376,0.5867859716620787,0.585653970786,0.785927605879
0.6,0.4364663064479828,0.4440427182450781,0.448844447965,0.676489666345
0.3,0.005378808826208115,0.29428417785956373,0.294540170038,0.598640321127
