ground truth,base model mu,source model mu,adapted model mu,target model mu
1.0,1.1393842697143555,0.8950405734354363,0.895040573435,0.895040573435
0.96667,1.7201426029205322,0.9559695048329357,1.02964673785,0.957083521415
0.96667,1.5649794340133667,0.8690620979212058,0.931004481306,0.963125542851
1.0,1.2822916507720947,0.9375839342689745,1.01422412105,0.959748690285
1.0,1.319916844367981,0.8654301413703158,0.94749902573,0.978098579277
0.96667,1.4077751636505127,0.795626702434596,0.877827732166,0.964467453334
1.0,0.8189771771430969,0.992551443902217,0.994338981039,0.801967421166
0.96667,0.7975611090660095,0.9721952313886986,0.972752144392,0.956356874109
