ground truth,base model mu,source model mu,adapted model mu,target model mu
0.93333,0.0,1.1326609070286362,1.13266090703,1.13266090703
0.9,0.13473494350910187,1.075307419729857,0.96306205022,0.863806649642
0.93333,0.0,1.0381068529075979,0.900276663377,0.851657978709
0.96667,0.0,1.0615589605746965,0.936444229384,0.902206743105
0.96667,0.08776687830686569,1.1166796175093747,1.00246512425,0.918450312352
0.96667,0.2560633420944214,1.0583050736271562,0.919884580571,0.937029597405
0.93333,0.0,0.9341888025424734,0.831413999753,0.921932318418
0.83333,0.3876865804195404,0.6936106768256742,0.693491273051,0.770612922329
