ground truth,base model mu,source model mu,adapted model mu,target model mu
0.9,0.464934766292572,0.729242311755713,0.729242311756,0.729242311756
0.93333,0.5632914900779724,0.7844041936884443,0.878038141052,0.869545202997
0.83333,0.4313352406024933,0.8265024549039008,0.937535668444,0.885275388549
0.9,0.47467702627182007,0.7732980426411853,0.851772538623,0.868169714536
0.9,0.7030927538871765,0.7330197631932256,0.830617405103,0.85873741923
0.8,0.5009639263153076,0.7359988391256502,0.838869665361,0.861420497088
0.53333,0.6541422009468079,0.6849642917471161,0.735992782403,0.818834075426
0.43333,0.0,0.4220004857395949,0.413561598021,0.549545788336
0.2,0.0,0.36221412405655595,0.34629001518,0.319027189811
