ground truth,base model mu,source model mu,adapted model mu,target model mu
1.0,1.2599397897720337,0.9170735066871671,0.917073506687,0.917073506687
1.0,1.1745388507843018,0.93000186683199,0.968342152729,0.922737619671
1.0,1.2316583395004272,0.9425901660837015,0.997422430003,0.961257921606
0.96667,1.4056655168533325,0.9719117506186628,1.02075965798,0.963730975282
1.0,1.656765103340149,0.9679226618698022,1.00862011121,0.964678428254
0.96667,1.0298681259155273,0.8092921690180379,0.824281609326,0.838875290008
0.9,0.683532178401947,0.7983124139528206,0.880102780031,0.921741572993
0.93333,1.099404215812683,0.8163676796980681,0.926636368698,0.89687807635
1.0,1.1524075269699097,0.8695193836657511,0.986485617916,0.943506714941
