ground truth,base model mu,source model mu,adapted model mu,target model mu
0.93333,2.0246403217315674,0.9121234625450185,0.912123462545,0.912123462545
1.0,1.9842687845230103,0.9327775721160956,0.948306453297,0.892953823438
0.96667,2.2666125297546387,0.9829033408969794,1.01476401051,0.913463308968
1.0,2.3793563842773438,0.9928523403920355,1.01005348504,0.950198408117
1.0,1.9938915967941284,0.9347998783535898,0.954102558402,0.953003954383
0.93333,2.782024621963501,0.9495210848511246,0.966647919143,0.949955269747
0.96667,0.17730700969696045,0.844474044818587,0.844577982993,0.764573529587
0.93333,0.5014559030532837,0.8601881718883204,0.872886114486,0.933546751251
0.96667,0.7367146015167236,0.8758650264399268,0.895345346427,0.94480053986
