ground truth,base model mu,source model mu,adapted model mu,target model mu
1.0,0.0,0.693591903572786,0.693591903573,0.693591903573
0.9,0.0,0.7430333952418042,0.940173606695,0.926756414034
0.9,0.0,0.6815453108482856,0.885719010078,0.904758736618
1.0,0.0,0.6844614123284174,0.950767189073,0.935025039589
0.76667,0.0,0.5952972706247888,0.817427597993,0.873029318044
0.93333,0.5679552555084229,0.8529318770261369,0.858443678184,0.706345387221
1.0,0.0,0.8160006492627279,0.895005240857,0.838091923885
0.93333,0.0,0.7990993788905847,0.935906166928,0.95181832231
