ground truth,base model mu,source model mu,adapted model mu,target model mu
0.86667,0.8268508911132812,0.7781616113137417,0.778161611314,0.778161611314
0.8,0.9920000433921814,0.7031219456357878,0.759100981375,0.794216203141
0.9,1.6669230461120605,0.7287891199407781,0.805301933595,0.794439353061
0.86667,0.9020146131515503,0.7024226700786276,0.803998656604,0.789373805433
0.86667,1.0007476806640625,0.723533601786869,0.855721585725,0.82716458699
0.63333,0.8506505489349365,0.7099242259815597,0.790107081989,0.781265764562
0.73333,0.8062712550163269,0.5910514206196318,0.592485816032,0.586430152857
0.66667,0.7700912356376648,0.5636051606889367,0.579342026148,0.697539205746
