ground truth,base model mu,source model mu,adapted model mu,target model mu
0.93333,0.0,0.8220428540494265,0.822042854049,0.822042854049
1.0,0.0,0.7601353387078209,0.88092952185,0.887566921043
0.96667,0.0,0.8066566867442226,0.965781629261,0.912911538272
0.96667,0.0,0.7813443208235329,0.931997801633,0.938022163305
0.96667,0.0,0.7614090769355997,0.926978940119,0.939509648074
1.0,0.0,0.7193552358716477,0.908634609624,0.960666204371
0.96667,0.0,0.7293162241887989,0.90229821507,0.925420712724
0.86667,0.0,0.7172564222187621,0.910911752033,0.883910120736
0.86667,0.42994600534439087,0.850919917214572,0.857363991212,0.589191420109
