ground truth,base model mu,source model mu,adapted model mu,target model mu
0.96667,1.376841425895691,0.8930430195543728,0.893043019554,0.893043019554
1.0,0.9730879068374634,0.9015745038172795,0.944248777716,0.877613994622
1.0,0.8172772526741028,0.8267678007821342,0.892274853369,0.923742875685
0.96667,0.8478919267654419,0.824650174896977,0.935583570355,0.949137725073
0.93333,1.3712050914764404,0.7909055240224294,0.867228517316,0.902332711148
1.0,1.0063586235046387,0.6367022858569165,0.823004223174,0.895232051411
0.9,0.9092980623245239,1.073235705595458,1.07260393158,0.651654530159
0.93333,0.8803021311759949,1.016861958581421,0.998391120833,0.911166521492
0.93333,1.0195597410202026,0.9727807077736337,0.948237750224,0.924529729296
