ground truth,base model mu,source model mu,adapted model mu,target model mu
0.8,0.0,0.7082166932515293,0.708216693252,0.708216693252
0.93333,0.0,0.6138565376682852,0.689573889097,0.758449240231
0.66667,0.0,0.7754256096052856,0.996827735405,0.86780415582
0.76667,0.0,0.7463938466512587,0.782176112298,0.718336650633
0.76667,0.0,0.5915524026383601,0.585868173343,0.700783084186
0.7,0.0,0.6085822484948782,0.700386781379,0.772775334717
0.6,0.0,0.5111559395347687,0.556030850561,0.685642148161
0.6,0.19588027894496918,0.6274179151850685,0.621240795126,0.658656377995
0.46667,0.287137895822525,0.5639043553929195,0.545788364581,0.588434921298
