ground truth,base model mu,source model mu,adapted model mu,target model mu
0.86667,0.21486668288707733,0.8371059343048177,0.837105934305,0.837105934305
0.76667,0.05508999526500702,0.8762558465602677,0.895418132591,0.795072515363
0.8,0.7748988270759583,0.7953795530276437,0.792464064078,0.793888005068
0.73333,0.0,0.6838604703564037,0.635329037703,0.728876525936
0.73333,0.0,0.5639869665065849,0.529982588282,0.731511614069
0.66667,0.0,0.5072404737695457,0.57159009592,0.716009915822
0.73333,0.0,0.6791894480960874,0.802760957533,0.614776518074
0.3,0.5709969997406006,0.38101404136963524,0.385946445598,0.843094740782
