ground truth,base model mu,source model mu,adapted model mu,target model mu
0.96667,0.5212481021881104,0.5924351175917408,0.592435117592,0.592435117592
0.93333,0.4106746315956116,0.6726965243272485,0.877463739984,0.867459225336
0.96667,0.3297101855278015,0.7643211359511,0.992589683093,0.922310077869
0.8,0.41851723194122314,0.6824946129575196,0.922944679456,0.938705376946
0.8,0.6221787333488464,0.7536087957630766,0.960497507936,0.912258576839
0.93333,0.5823701024055481,0.7661698865474555,0.961544730195,0.925135757679
0.8,0.0,0.4564080456339905,0.623471960289,0.831771167717
0.83333,0.6807814240455627,0.7690928696466344,0.776207229478,0.820780658245
