ground truth,base model mu,source model mu,adapted model mu,target model mu
0.86667,2.053487777709961,0.9768559897834876,0.976855989783,0.976855989783
0.76667,1.3459995985031128,0.8788166702164943,0.799051163792,0.816302701376
0.7,1.6971882581710815,0.996134571687346,0.907433179461,0.806924038482
0.7,1.53400456905365,0.9684449607101087,0.784491040951,0.728737717579
0.7,1.326940655708313,0.9109538487948399,0.690073652525,0.703823522541
0.73333,1.335186243057251,0.8309761945170901,0.635414432316,0.706707011757
0.76667,1.2968217134475708,0.981304981386586,0.848716502813,0.709949061127
0.8,0.9718125462532043,0.7749907563379388,0.616673847547,0.625534365405
0.73333,0.6689459681510925,0.6948816270569438,0.696476795111,0.72399708071
