ground truth,base model mu,source model mu,adapted model mu,target model mu
0.83333,2.2739009857177734,0.7665899061319514,0.766589906132,0.766589906132
0.76667,1.2971676588058472,0.7489773528379047,0.748545814087,0.657991903962
0.86667,2.3160998821258545,0.8852570079633431,0.923315400222,0.7718600237
0.8,2.085109233856201,0.7828682733236363,0.787014960154,0.807413516167
0.8,2.575841188430786,0.9922618804180345,1.00397373432,0.826394832122
0.76667,1.6255130767822266,0.561386177202003,0.546898784704,0.777208632132
0.7,1.9961813688278198,0.6054555284243115,0.699454647031,0.694753517114
0.66667,1.5421204566955566,0.834322099526787,0.837462448461,0.624596179491
0.53333,1.0720385313034058,0.6238330530230414,0.621454341231,0.747106895596
