ground truth,base model mu,source model mu,adapted model mu,target model mu
1.0,2.5921220779418945,0.4555099509962872,0.455509950996,0.455509950996
1.0,1.8924760818481445,0.38090692081553357,0.547556735333,0.756256063305
1.0,2.1399729251861572,0.25182343723072265,0.713202314442,0.956964571985
0.96667,1.799019455909729,0.27464843327967614,0.815499977696,0.986888605494
0.86667,3.067722797393799,0.6162801326131699,1.06635518295,0.939359769765
1.0,2.8887991905212402,0.6942685085865143,0.906169768492,0.873489442522
0.86667,2.133049488067627,0.6199928772933738,0.886541493385,0.878753429931
0.83333,2.3903541564941406,0.7639324297030008,0.758271942764,0.772732799473
0.7,2.195730686187744,0.7300480145399675,0.729538372111,0.83555711516
