ground truth,base model mu,source model mu,adapted model mu,target model mu
0.93333,3.617347240447998,0.8063012168694215,0.806301216869,0.806301216869
1.0,3.3598873615264893,0.7859787851629783,0.873864176195,0.88582367449
1.0,3.236154556274414,0.8985697774337034,1.05894932878,0.936900756099
1.0,3.4886693954467773,0.7743305677841406,0.923284606551,0.934768615618
1.0,3.54329776763916,0.8230336851177285,0.971949479056,0.955557236794
1.0,3.125545024871826,1.0572250586252672,1.05872594032,0.9750074402
1.0,3.2187013626098633,1.039160004968764,1.03197884655,0.969745107593
1.0,2.057493209838867,0.448298419764372,0.478366445517,0.537506950461
1.0,2.3884434700012207,0.9352890349147138,1.10117107248,0.966710527424
