ground truth,base model mu,source model mu,adapted model mu,target model mu
1.0,3.5089845657348633,0.7615904166796703,0.76159041668,0.76159041668
0.93333,3.4041242599487305,0.7657571575456608,0.953895327848,0.949477416412
0.86667,3.1739730834960938,0.6994664180396697,0.860885576515,0.984787544359
0.86667,3.155876636505127,0.705937515060512,0.887875731441,0.912033533275
0.93333,3.4140124320983887,0.7864828456359767,0.957443690139,0.934773104992
0.93333,3.449416399002075,0.8376195685934107,0.962021340945,0.800029794262
0.93333,2.5091209411621094,0.9021441680851652,0.902640313164,0.914747595603
0.93333,2.626957654953003,0.8526548588104568,0.85582583504,0.930616136031
0.9,2.568678140640259,0.9288147900398585,0.929858349585,0.937103912768
