ground truth,base model mu,source model mu,adapted model mu,target model mu
0.93333,3.1172573566436768,0.5384454975894748,0.538445497589,0.538445497589
0.76667,3.233228921890259,0.5206899104218579,0.829869753082,0.852295665613
0.9,3.086005687713623,0.3570053647915543,0.505565775341,0.662080279737
0.73333,3.880045175552368,0.33359229680617375,0.633895794985,0.728302507271
0.73333,3.176405668258667,0.35214058023646544,0.760400085084,0.770646418947
0.7,2.908069133758545,0.3619787619488708,0.641554809137,0.66300122423
0.53333,2.423032283782959,0.231892979796406,0.434594530663,0.667558109613
0.4,1.8703324794769287,0.3525147524579211,0.350674208302,0.4585266002
