ground truth,base model mu,source model mu,adapted model mu,target model mu
0.9,2.1926217079162598,0.5666139207591279,0.566613920759,0.566613920759
0.93333,2.683884859085083,0.6882210595424176,0.868996609058,0.853582389437
0.93333,2.8408100605010986,0.9188032367287704,0.921988948121,0.907329119902
0.9,2.5451972484588623,0.6906653291984028,0.922808243416,0.874176443542
0.93333,2.572927713394165,0.7043017003980907,0.909949036601,0.880589188289
0.96667,2.5328190326690674,0.5635839382698862,0.795572980158,0.882519604757
0.86667,2.7028915882110596,0.9252304630699761,0.927446579375,0.898103233488
0.96667,2.4962215423583984,0.892127838383356,1.06693101742,0.816618087448
0.83333,2.8160011768341064,0.8273528991351675,0.954203286908,0.94097875477
