ground truth,base model mu,source model mu,adapted model mu,target model mu
0.93333,4.254493713378906,0.7507438494345138,0.750743849435,0.750743849435
1.0,4.009382724761963,0.738630837792126,0.872758094456,0.864918945436
1.0,4.436140537261963,0.8327605953713331,1.02242701962,0.877485193847
0.96667,4.451526641845703,0.744162822602533,0.921236621084,0.96755781832
0.93333,4.226638317108154,0.8166307486519209,0.988369148449,0.958391629927
0.86667,3.8936362266540527,0.8121835676444498,0.937062746724,0.894747579736
0.93333,3.5322906970977783,0.9069950620465157,1.00458164939,0.855685167811
0.73333,3.473606824874878,0.9616159293190805,1.00501038211,0.924758135901
