ground truth,base model mu,source model mu,adapted model mu,target model mu
0.93333,1.8771567344665527,0.7059945468320095,0.705994546832,0.705994546832
1.0,1.6866562366485596,0.635445607202179,0.812553193404,0.888887875072
0.96667,1.9143177270889282,0.608723309357643,0.864614685799,0.891155218609
1.0,1.8534526824951172,0.7197044115865019,1.02428309224,0.94463604693
1.0,1.7245962619781494,0.6318587529233461,0.905383174994,0.92314646661
0.93333,1.8800559043884277,0.6560878033362556,0.949392901251,0.952276127908
0.96667,1.3153963088989258,1.0075252389763136,1.00888616687,0.922380203195
0.93333,1.3314073085784912,0.9553325859578798,0.946460408003,0.939157857791
0.96667,1.2732738256454468,0.9577877974164508,0.946876892302,0.95733933619
