ground truth,base model mu,source model mu,adapted model mu,target model mu
1.0,0.15570423007011414,1.0750265589256962,1.07502655893,1.07502655893
1.0,0.39453816413879395,1.068989060252708,1.01813227028,0.957472421801
1.0,0.030396338552236557,1.154529061971921,1.09066854232,0.941780962813
0.96667,0.24561215937137604,1.131414504430989,1.03319180578,0.922053149009
1.0,0.49569258093833923,1.0425171165549472,0.93747209451,0.972452288293
0.96667,1.0122405290603638,1.3605050726821908,1.35455833311,0.932666959034
0.9,0.817478597164154,1.1900485773990184,0.89995172368,0.919728092259
0.93333,1.0071324110031128,1.104957570834877,0.794126278501,0.934410990043
1.0,1.1004886627197266,1.210332610444791,1.00002716814,0.902266998039
