ground truth,base model mu,source model mu,adapted model mu,target model mu
0.9,2.0922231674194336,0.8310233267262319,0.831023326726,0.831023326726
0.93333,1.9961249828338623,0.9459727214065303,0.988891639509,0.84092465022
0.83333,1.6355535984039307,0.9468011788896291,0.944551385283,0.854993260822
0.9,2.061990976333618,0.9055237232062012,0.868858782685,0.849100231527
0.9,2.203253746032715,0.8948358596919554,0.872405202442,0.84611656372
0.8,1.8460925817489624,0.9529305891464581,0.912020226594,0.849479762617
0.53333,2.0719969272613525,0.5957998188118125,0.55950321093,0.915839445047
0.43333,0.8801672458648682,0.48647607995396314,0.487328172103,0.81585885826
0.2,0.7256559133529663,0.2993257010344088,0.283008401437,0.3184978137
