ground truth,base model mu,source model mu,adapted model mu,target model mu
1.0,4.230245590209961,0.7974573663530649,0.797457366353,0.797457366353
0.96667,3.761023998260498,0.7463965530517243,0.883719312203,0.931952573805
0.96667,4.245981216430664,0.8096955823982697,1.00231666761,0.96098345069
1.0,3.6334762573242188,0.8861738074786523,1.05518345619,0.917763213509
1.0,4.2772369384765625,0.9230792149087108,1.08596614556,0.942534425556
0.96667,3.9112792015075684,0.9615601155026354,1.10052900027,0.95334863439
1.0,2.543450355529785,0.9937552623417787,0.992937445048,0.947404522173
0.96667,2.6825084686279297,0.9728099322291541,0.971326539876,1.01123222645
