ground truth,base model mu,source model mu,adapted model mu,target model mu
0.93333,3.0709052085876465,0.9322931149868623,0.932293114987,0.932293114987
0.93333,2.5371766090393066,0.997158831762416,0.997718349854,0.894948198269
0.93333,2.6132450103759766,0.8387294958456906,0.802706061694,0.900536739914
0.93333,2.474548816680908,0.8654414450836363,0.851088273503,0.880616610591
1.0,2.566471576690674,1.004551171314084,1.031478419,0.900097972451
1.0,2.471149206161499,0.8441763547418297,0.864190147227,0.851107219423
1.0,1.995669960975647,0.9309820415120384,0.936461015766,0.849942178944
1.0,2.119683265686035,1.0452067865206693,1.11014779292,0.967947343562
0.9,2.1143503189086914,0.6593798329699396,0.687694280794,0.942282207005
