ground truth,base model mu,source model mu,adapted model mu,target model mu
0.93333,2.688613176345825,0.681129948206376,0.681129948206,0.681129948206
0.93333,3.1760120391845703,0.6566013642718929,0.736038625285,0.823112309829
0.9,2.920553684234619,0.6847028630104006,0.918335383876,0.910027231435
0.86667,3.1476168632507324,0.5841080121420568,0.796854925254,0.924793528068
0.86667,3.323960781097412,0.7022807667667479,0.935734990016,0.898005780243
0.9,3.035172700881958,0.826429245544098,1.04963201709,0.886968600213
0.76667,1.9038554430007935,0.7656055460603781,0.786041218005,0.796308577004
0.6,0.9356918931007385,0.43997773054140765,0.43997969942,0.752781499669
0.3,1.3808168172836304,0.3292399617693249,0.32855650868,0.772151409599
