ground truth,base model mu,source model mu,adapted model mu,target model mu
0.93333,1.2843588590621948,1.2202638930350993,1.22026389304,1.22026389304
0.9,1.7946200370788574,1.1419129831852572,0.940386835612,0.856821646967
0.93333,1.7433693408966064,1.0036541081716734,0.816222823207,0.854407708996
0.96667,1.702152132987976,1.2359776088652445,1.04185403576,0.887801806987
0.96667,1.9537267684936523,1.15889087511162,0.939321964355,0.918774100673
0.96667,2.349635124206543,1.1816752698401984,0.99615061072,0.927990847971
0.93333,2.5687966346740723,1.0667185625680702,0.866948792482,0.896257516059
0.83333,2.0032808780670166,0.8128041424473125,0.811245086195,0.904296390854
