ground truth,base model mu,source model mu,adapted model mu,target model mu
1.0,1.2473499774932861,0.8843435618812769,0.884343561881,0.884343561881
0.93333,1.3035500049591064,0.8808611417493459,0.950259715472,0.937447979878
0.86667,1.3897472620010376,0.9648968146196335,1.02687131663,0.947697867771
0.86667,1.1776750087738037,0.9296847982427767,0.956431122915,0.917456379136
0.93333,1.1427737474441528,0.9320151682117128,0.940427361409,0.914225566488
0.93333,1.345228672027588,0.9185495152125318,0.908157901247,0.865202500067
0.93333,0.9077228307723999,0.8826427923459494,0.881019659417,0.719639042838
0.93333,0.9477784037590027,0.9266307082285969,0.928772005668,0.915743347869
0.9,1.1470396518707275,0.9399177656527762,0.940311978134,0.909489618255
