ground truth,base model mu,source model mu,adapted model mu,target model mu
1.0,0.0,0.8244627015888257,0.824462701589,0.824462701589
1.0,0.0,0.8403017761743845,0.911163684845,0.877778898802
1.0,0.06465667486190796,0.8585122479321985,0.982438537922,0.960844156013
0.96667,0.534986674785614,0.8257271192949895,0.959134080098,0.969317309994
0.86667,0.0,0.8607289227433483,0.998233609945,0.944674518752
1.0,0.0,0.9025833798731178,0.989241168899,0.935279891436
0.86667,0.0,0.810554578344969,0.85486233738,0.90829202717
0.83333,0.6870681643486023,0.8734433960849408,0.876946307461,0.806129425186
0.7,0.5703085660934448,0.7132516962965259,0.702506938314,0.76359493059
