ground truth,base model mu,source model mu,adapted model mu,target model mu
0.93333,2.5016772747039795,1.042733501956051,1.04273350196,1.04273350196
1.0,2.1754209995269775,0.9127586965117178,0.840632589466,0.883266819313
1.0,2.4116690158843994,0.9879112869155531,0.965067837709,0.941832340211
1.0,2.7012696266174316,0.9898477381960014,0.982217916901,0.966488172675
1.0,2.8703691959381104,1.005044401581186,0.995247823397,0.955344375311
1.0,0.7908210158348083,0.9901823355001271,0.990265253168,0.790512133932
1.0,1.127251148223877,1.0244161288851528,1.02539185007,0.978823834071
1.0,1.1581463813781738,0.7027054178019965,0.692963757196,0.659718803807
1.0,0.7702824473381042,0.839773428322939,0.909380455417,1.03914980776
