ground truth,base model mu,source model mu,adapted model mu,target model mu
0.86667,1.6606179475784302,0.9470154076190385,0.947015407619,0.947015407619
0.8,1.1483794450759888,0.9383424187950595,0.873588775226,0.782473343367
0.76667,1.00583815574646,0.8033390126123257,0.717032417552,0.78389663934
0.73333,0.7036073803901672,0.8618969905210667,0.78106043868,0.768686624559
0.73333,0.7946037650108337,0.8681312541176007,0.804468198781,0.733346596971
0.66667,0.1807149350643158,0.8087421702976831,0.693718693587,0.704078156777
0.66667,0.06744414567947388,0.6342882479594643,0.631927770672,0.608520764671
0.63333,0.010789889842271805,0.633288981106114,0.631252948137,0.645675256074
0.53333,0.1755097508430481,0.4318920008161715,0.431033335324,0.624459387561
