ground truth,base model mu,source model mu,adapted model mu,target model mu
0.93333,1.1120343208312988,1.0600332746497267,1.0600332746497267,1.0600332746497267
0.93333,0.8214142918586731,1.0987497410035365,1.0500577253768866,0.9283984001889622
0.93333,0.8715119957923889,1.0794875648283266,1.008034680407872,0.9142838985283972
0.93333,1.118447184562683,1.0319255164245695,0.9386610119627774,0.9179178422307207
1.0,0.9235843420028687,1.1091281895865526,1.018752733628953,0.9322536157297358
1.0,1.9735678434371948,1.028870977783253,0.9246096836515811,0.9150302191493628
1.0,1.9220141172409058,1.1690786772286705,1.111309844821641,0.899875371890947
1.0,1.809299349784851,1.1896403858828029,1.0758725307479071,0.9859040164263189
0.9,1.6418744325637817,1.0681276428802704,0.9444760406246866,0.9461940947587111
