ground truth,base model mu,source model mu,adapted model mu,target model mu
1.0,0.0803767591714859,0.7927097293524084,0.7927097293524084,0.7927097293524084
0.96667,0.007951047271490097,0.8587983908895169,0.9825486051291934,0.9663963860355447
0.96667,0.32715755701065063,0.7970960337307287,0.9168226956340443,0.9602287006701756
1.0,0.559161901473999,0.8371475218893913,0.9858209754038405,0.9668492282175253
1.0,0.3254595100879669,0.819730907023505,0.9831071445288406,0.9819989322731806
0.96667,0.0536416731774807,0.8087759283103304,0.9505800591264169,0.9785875277487737
1.0,1.3949809074401855,0.9389896361131376,0.9413165067664816,0.8336686191954488
0.96667,1.2180085182189941,0.9372990535464041,0.9423141417586405,0.9845413177017523
