ground truth,base model mu,source model mu,adapted model mu,target model mu
0.93333,1.009998083114624,0.8907034579965052,0.8907034579965052,0.8907034579965052
0.9,0.7145121097564697,0.9072457493639736,0.9220335838795889,0.8665623686225138
0.93333,1.0485941171646118,0.8785388929819242,0.886749970828743,0.8788915308404108
0.96667,1.2865158319473267,0.8610861279696143,0.881139423431482,0.8985762667484862
0.96667,1.5318485498428345,0.8975403294844122,0.9389587887328857,0.9205990666003785
0.96667,1.6650341749191284,0.8682849317856238,0.918445853694162,0.9323121869606684
0.93333,1.6789438724517822,0.809445013498532,0.8715902740639674,0.9331207115420841
0.83333,0.4186007082462311,0.757241181310842,0.7584448121648598,0.7852132875747564
