ground truth,base model mu,source model mu,adapted model mu,target model mu
0.93333,0.713590145111084,0.9387382981213663,0.9387382981213663,0.9387382981213663
0.93333,0.38312795758247375,0.9912339179932363,0.994376753748625,0.8484893035580771
0.9,0.20965108275413513,1.0030208351687682,0.9877651037498824,0.8990442104609977
0.86667,0.0,0.954882694795006,0.919734326170757,0.9129912188190997
0.86667,0.3343704640865326,0.9643706824288754,0.9141340708872872,0.889704037448731
0.9,0.48915258049964905,0.9428137057991353,0.8774056033299763,0.8676145561734933
0.76667,0.6050662398338318,0.55277082144522,0.5532191968540334,0.8196798266794028
0.6,0.17729973793029785,0.48282916078832194,0.4899800160229087,0.700195340763607
0.3,0.0,0.3089637903772928,0.30847738439321737,0.5988971174899493
