ground truth,base model mu,source model mu,adapted model mu,target model mu
0.93333,1.2636265754699707,0.9320675665801197,0.93206756658,0.93206756658
0.96667,1.3284062147140503,0.9694818223263333,0.970243425257,0.934872379723
0.96667,0.4723629951477051,1.03942158010004,1.03942543607,0.618011067948
1.0,0.21390075981616974,0.9315476816932655,0.885185950964,0.854470906787
1.0,0.641768217086792,1.042280934005639,1.02504569946,0.903662703766
0.96667,0.6251591444015503,0.8619492338983896,0.838812123242,0.933905726358
0.9,1.0353879928588867,1.1679397305805708,1.18248576808,0.825178268461
0.93333,0.8264622688293457,0.522273973157187,0.421825875272,0.675725346191
0.83333,1.4093900918960571,0.8348640841113735,0.835888918085,0.911079689969
