ground truth,base model mu,source model mu,adapted model mu,target model mu
1.0,1.8889034986495972,0.4078885170650288,0.407888517065,0.407888517065
0.9,1.8637537956237793,0.314226285274394,0.718789184845,0.877419847053
0.93333,1.9763110876083374,0.2878652652802991,0.773944783471,0.925031599306
0.96667,2.235551118850708,0.4307553673190938,0.897679344532,0.91938164688
0.96667,2.0391178131103516,0.4086993980808131,0.97635423003,0.923054979438
0.83333,1.7255127429962158,0.47901821060865757,0.902559481901,0.89339199426
0.73333,1.0663982629776,0.41089269406453965,0.788733452488,0.822896189294
0.6,0.5926083326339722,0.5496268511430387,0.549255645729,0.66057812612
