ground truth,base model mu,source model mu,adapted model mu,target model mu
0.96667,0.4834330379962921,0.6005066563300296,0.60050665633,0.60050665633
0.96667,1.2343056201934814,0.7709639791791787,1.03673603473,0.861973029786
0.96667,0.7069363594055176,0.7789843314431977,0.953465282417,0.872187588866
1.0,1.1409488916397095,0.6429497198633367,0.814542059959,0.892152395309
1.0,0.8825016021728516,0.6668073078641097,0.921415308639,0.905229470394
0.96667,0.7205645442008972,0.7077282298257686,0.99058921442,0.932935506483
0.9,0.6892464756965637,0.692028048390414,0.904269395048,0.908003306783
0.63333,1.2531070709228516,0.674281929368167,0.670211245851,0.905636101985
0.46667,1.0623687505722046,0.5811748305182043,0.587515819132,0.791652899162
