ground truth,base model mu,source model mu,adapted model mu,target model mu
0.9,1.881375789642334,0.9957558556761494,0.995755855676,0.995755855676
0.93333,1.634742259979248,1.1327517205297237,1.06481329308,0.861418549445
0.9,1.6276140213012695,0.9319916870623768,0.802593545462,0.819064814116
0.96667,1.646344542503357,1.0324075149628893,0.933797619186,0.913260102491
0.96667,1.6720234155654907,1.007370445677262,0.928374773753,0.891057607439
0.93333,1.8134020566940308,0.9937591786679718,0.939423760354,0.899751081505
0.96667,1.7105865478515625,0.9324797500791924,0.8621589062,0.860210433282
0.96667,1.9219878911972046,0.9829124920072587,0.982483360276,0.902876732403
0.8,1.6544510126113892,0.8597908659246976,0.856370838217,0.917564556325
