ground truth,base model mu,source model mu,adapted model mu,target model mu
1.0,1.251033067703247,0.917895109956006,0.917895109956006,0.917895109956006
1.0,1.4002232551574707,0.9217857498258712,0.9651807264187044,0.919637659668727
1.0,1.177481770515442,0.9271751762155822,0.9916969175509777,0.9596363542157116
0.96667,1.4963347911834717,0.9101333108538523,0.9680583127868235,0.9686286405019385
1.0,1.4384199380874634,0.9216105522994531,0.9842806549439712,0.9644001506291635
0.96667,0.5393798351287842,0.8122465382034232,0.8352532054937184,0.7823071728095536
0.9,1.5422697067260742,0.8185565899323,0.9006680818995902,0.915334528273411
0.93333,0.5354322195053101,0.7842555750739266,0.8953739195341899,0.9034777142319892
1.0,0.6377988457679749,0.7687362117339767,0.9236590992456502,0.9302030715004742
