ground truth,base model mu,source model mu,adapted model mu,target model mu
0.93333,0.425962895154953,0.8828454263267269,0.8828454263267269,0.8828454263267269
1.0,0.8699419498443604,0.9012566730306291,0.9394732986714401,0.8954337164305264
0.96667,0.4756413996219635,0.8764228113008412,0.9329488545433525,0.9040703796143473
1.0,0.7333866357803345,0.8923240149909519,0.9642957915003219,0.9459940788586318
1.0,0.6588494777679443,0.9017374991360325,0.9754768694117851,0.9611730063473771
0.93333,0.8446722626686096,0.8753694431709595,0.958311625912768,0.9415740341285699
0.96667,0.7087644934654236,0.87210527608128,0.8719349750499295,0.7129871728111754
0.93333,0.41742852330207825,0.8760842999684471,0.8866205404219252,0.9425424164398358
0.96667,0.5278780460357666,0.8894557594094268,0.9043160715099493,0.9458383549826854
