ground truth,base model mu,source model mu,adapted model mu,target model mu
0.9,1.2006421089172363,0.8097533694230405,0.8097533694230405,0.8097533694230405
0.93333,1.2688084840774536,0.7390915264256281,0.7997956441911721,0.882936549544153
0.83333,1.5824251174926758,0.7414983285786247,0.8319686883835055,0.87563837927463
0.9,1.2183605432510376,0.6962125881008756,0.7978211233498816,0.8740105283305887
0.9,0.9015373587608337,0.7406852864906464,0.8787042909934841,0.880890284351498
0.8,0.5805671811103821,0.5509088631478858,0.6331990708996187,0.8353393071154169
0.53333,1.043087124824524,0.5267114120101863,0.6137983993981684,0.7303483738451622
0.43333,0.4116608202457428,0.44827004419414695,0.44529398388643104,0.6042102562499623
0.2,0.10394762456417084,0.36016804908320665,0.3413372332090011,0.31358068688018204
