ground truth,base model mu,source model mu,adapted model mu,target model mu
0.96667,0.8227323889732361,0.8474735918269831,0.8474735918269831,0.8474735918269831
1.0,0.4524032175540924,0.8489840858580842,0.917957226706411,0.920005316132207
0.93333,0.08500579744577408,0.8133034152448029,0.8864916613518115,0.8986844043518438
1.0,0.0,0.8083939986654771,0.9098519064278849,0.9532412757966753
1.0,0.4223496615886688,0.8177809979866566,0.8182373225504289,0.8442475861912613
0.96667,0.04144231230020523,0.7983319973071814,0.9278288365653277,0.9440533122933078
0.0,0.0,0.6670570724498934,0.6435793423911751,0.6509133634521405
1.0,0.7931041121482849,0.8216540675630422,0.8253617212725362,0.9307674615053223
1.0,0.5420033931732178,0.5514256310388022,0.5691202648201323,0.983926813745393
