ground truth,base model mu,source model mu,adapted model mu,target model mu
0.96667,0.5710999965667725,0.8752226188575865,0.8752226188575865,0.8752226188575865
1.0,0.4329371154308319,0.9400619397699099,0.9936426874747152,0.8969664918221855
1.0,0.7433996796607971,0.9256864556089814,0.9963123975164863,0.9669929760377128
0.9,0.7116296291351318,0.9359706074734047,0.9777828432302454,0.9253398052599012
1.0,0.5904996991157532,0.9089330179806328,0.9486659179199061,0.946990304243404
1.0,1.0050374269485474,0.9539372395491275,1.0078864292590501,0.9646223494587796
0.96667,1.2030259370803833,1.0225917784549856,1.0207025793919757,0.8010212109828265
0.96667,1.0311908721923828,0.9992675600041829,0.984986222068051,0.9554566843867829
