ground truth,base model mu,source model mu,adapted model mu,target model mu
0.93333,0.6873334646224976,0.9548956336278192,0.954895633628,0.954895633628
1.0,0.620011568069458,0.9109310383692897,0.893280784491,0.799555015522
0.96667,0.44842270016670227,1.0577480537892097,1.08838007122,0.882642021348
0.96667,0.2875036299228668,1.0002475938099522,0.965014897506,0.901105921622
0.96667,0.49250248074531555,1.0189760046490175,0.988294508137,0.902441273328
1.0,0.2216554582118988,0.9511749565260068,0.925174493263,0.915059430164
0.96667,0.5292441844940186,0.8269318423930958,0.809816802521,0.88990129079
0.86667,0.30485355854034424,1.0220019385787467,0.98763007284,0.855447442453
0.86667,0.07453137636184692,0.7963361959376165,0.793421626137,0.776764906126
