ground truth,base model mu,source model mu,adapted model mu,target model mu
0.86667,0.5562469959259033,0.6340341653975834,0.634034165398,0.634034165398
0.8,0.4979616701602936,0.6894326764092149,0.827777301469,0.803455105913
0.9,0.5912450551986694,0.6385305355208324,0.755039800608,0.786769338249
0.86667,0.8381244540214539,0.5772495444443457,0.737686812488,0.807763949426
0.86667,0.805067241191864,0.6854615540024547,0.868125123804,0.801957410353
0.63333,0.5504143834114075,0.6462761587699646,0.769544777484,0.813438543173
0.73333,0.2595660388469696,0.6441457080973336,0.641757310061,0.763040605724
0.66667,0.22594797611236572,0.5657433391864579,0.57188433879,0.742883470788
