ground truth,base model mu,source model mu,adapted model mu,target model mu
0.96667,0.313789963722229,0.9750444215093026,0.975044421509,0.975044421509
1.0,0.7193201184272766,0.9060406997131665,0.900714683087,0.891041551631
1.0,0.4371969699859619,0.9567938958361246,0.999770401818,0.961030405282
0.96667,0.3104338049888611,0.8776225219483784,0.914402661969,0.945428317079
0.93333,0.11524170637130737,0.9016567883111151,0.944514369468,0.930439928423
1.0,0.0,0.8751413780362984,0.899671878104,0.8080069496
0.9,0.3401511609554291,0.8897976369485718,0.890977510536,0.942971575812
0.93333,0.40413811802864075,0.884835518694203,0.889986423165,0.883637527406
0.93333,0.38483744859695435,0.9034843045351089,0.913727275678,0.921721283808
