ground truth,base model mu,source model mu,adapted model mu,target model mu
1.0,0.0,0.7640483841866565,0.764048384187,0.764048384187
0.9,0.0,0.8432035264448423,1.00460249245,0.853131542283
0.9,0.18480148911476135,0.7396316650756809,0.858698611321,0.870900466432
1.0,0.0,0.7159958385420051,0.859098856255,0.918730479216
0.76667,0.0,0.7642987571547604,0.885143964109,0.868412519963
0.93333,0.380450963973999,0.915201988289688,0.916365574386,0.800141714678
1.0,0.22425369918346405,1.1265119481933539,1.18217785919,0.763158666365
0.93333,0.4810519814491272,1.0260929222715731,0.949439972785,0.947065116349
