ground truth,base model mu,source model mu,adapted model mu,target model mu
0.9,0.0,0.7908056147416236,0.790805614742,0.790805614742
0.83333,0.0,0.7455455749454565,0.795919677234,0.832800919325
0.76667,0.3220798969268799,0.6947774131303959,0.69891521044,0.727460743553
0.66667,0.0,0.7995681835190442,0.860198306907,0.832187994926
0.66667,0.0,0.8358862012430892,0.834060472217,0.736315995487
0.66667,0.0,0.735763453332595,0.688131357187,0.727814471809
0.63333,0.0,0.8015684439142818,0.723546029357,0.644598125803
0.53333,0.3954985737800598,0.5812355078325719,0.58870847671,0.755386723874
0.46667,0.42241621017456055,0.5489724064221555,0.542384745813,0.566881407826
