ground truth,base model mu,source model mu,adapted model mu,target model mu
0.83333,0.0,0.7745219487206025,0.774521948721,0.774521948721
0.9,0.0,0.8079264594347038,0.830730683171,0.766634005209
0.83333,0.0,0.7770325904124391,0.823351618415,0.803500109729
0.86667,0.0,0.7448053025595538,0.79162742443,0.78509494992
0.86667,0.0,0.7033083842944148,0.766313591854,0.80572778759
0.66667,0.0,0.6590246783062703,0.735202519348,0.797552780363
0.36667,0.0,0.5961270549239774,0.609889015238,0.703852836539
