ground truth,base model mu,source model mu,adapted model mu,target model mu
0.96667,0.07820656895637512,0.883345031382917,0.883345031383,0.883345031383
0.96667,0.42490512132644653,0.8746247748794227,0.931992109971,0.914020219839
0.96667,0.0,0.8611022717028112,0.934129195036,0.944503812922
0.9,0.18781858682632446,0.8724533711736608,0.938882242312,0.938512990213
0.96667,0.2939308285713196,0.8752426368766288,0.931681834255,0.935927976157
0.93333,0.0,0.7811161650618557,0.841374309318,0.904868997371
0.86667,0.4728032350540161,0.7075129690085031,0.708280567008,0.75238736002
0.7,0.49495288729667664,0.7102458531819558,0.719780011811,0.782310093653
