ground truth,base model mu,source model mu,adapted model mu,target model mu
0.9,1.6400504112243652,1.1097211923885988,1.1097211923885988,1.1097211923885988
0.93333,1.9867141246795654,1.0669464834617934,0.9485710287073017,0.8741277641836298
0.9,2.07924747467041,1.0669111453935582,0.9550972354875944,0.8855211306166145
0.96667,1.9533613920211792,1.115315704165519,0.9976067875527953,0.9038849010910741
0.96667,1.6982004642486572,1.0893280551033149,0.9683410864538271,0.9170025242543441
0.93333,1.5292093753814697,1.1090368190591215,0.9974217266776007,0.9221707130031191
0.96667,1.6280434131622314,1.1439063616083471,1.0328354143756373,0.9103361468111278
0.96667,0.7725000381469727,0.8968453367489926,0.8881719213051278,0.8505897641042437
0.8,0.776578962802887,0.7998100062969637,0.795246086010677,0.8704960957708445
