ground truth,base model mu,source model mu,adapted model mu,target model mu
1.0,0.05080939829349518,0.9476098754971463,0.9476098754971463,0.9476098754971463
0.9,0.4170542359352112,0.9987231643266119,1.0094741464918964,0.9134543134027707
0.93333,0.2060534805059433,0.9421253669103216,0.9233165489771124,0.8967640616997485
0.96667,0.2453804761171341,0.9909189195977337,0.9811541764611966,0.9138873297555097
0.96667,0.21229420602321625,0.8989809072875885,0.8881331667447624,0.9301842956866287
0.83333,0.010112515650689602,0.7833802056160977,0.7776382544622059,0.8574203788508793
0.73333,0.0,0.549693815862875,0.5456570012473949,0.7868415435839653
0.6,0.0,0.39575624709735546,0.39879677263048274,0.743144083663323
