ground truth,base model mu,source model mu,adapted model mu,target model mu
0.93333,0.22523005306720734,0.7062705937932652,0.7062705937932652,0.7062705937932652
0.96667,0.4008426070213318,0.7543175583108503,0.780735970812769,0.9221001611810282
0.96667,1.930992603302002,0.8524219521005683,0.8572317389545295,0.7578612821812194
1.0,1.4889483451843262,0.8561252681000209,0.9021143750960692,0.9359815274681831
1.0,1.2768597602844238,0.816984744481299,0.8916826831042377,0.9266037175574742
0.96667,1.6317249536514282,0.7996333423167121,0.9143584595154365,0.9570376635438534
0.9,0.40210261940956116,0.8164058319758665,0.8705015768509934,0.9421383258333078
0.93333,0.2108679860830307,0.8222277405481693,0.8983776238999148,0.8446083709336469
0.83333,0.5492592453956604,0.764358278877082,0.7827291084774916,0.9507746127927066
