ground truth,base model mu,source model mu,adapted model mu,target model mu
0.96667,0.65751713514328,0.857434698611808,0.857434698611808,0.857434698611808
0.96667,0.5830361843109131,0.8574169811447754,0.9482525725664288,0.9284259071492431
0.96667,0.6161704063415527,0.7521547794353995,0.8509400434888083,0.8994093681340481
1.0,1.061139464378357,0.7652324283366196,0.9202835352466381,0.9132996957057959
1.0,1.1091606616973877,0.7789416280287427,0.9792273507440687,0.9559579495443703
0.96667,0.7052181363105774,0.7335243012442589,0.906893917816767,0.9265680787713935
0.9,0.0,0.69517109323469,0.830353032218242,0.9041231732179208
0.63333,0.23723988234996796,0.6235251347659796,0.6232417691418098,0.6447451495569747
0.46667,0.36811575293540955,0.5173018119674309,0.5160234414101907,0.5805803895780621
