ground truth,base model mu,source model mu,adapted model mu,target model mu
0.96667,1.4888454675674438,0.6993913593796428,0.69939135938,0.69939135938
1.0,1.6329405307769775,0.6962517701535171,0.896651364806,0.881248903094
1.0,1.8507763147354126,0.7383395437495452,1.01060538735,0.938974962044
0.9,1.6834022998809814,0.6974193882681181,0.93509710206,0.956662902812
1.0,1.748300552368164,0.7128740151035888,0.974757397057,0.935013695374
1.0,1.9095629453659058,0.7855865326274643,1.01488028005,0.935849073261
0.96667,1.675787091255188,0.9736962634994533,0.974774800305,0.937308070397
0.96667,1.6568996906280518,0.9349539748141157,0.931229524355,0.944409631629
