ground truth,base model mu,source model mu,adapted model mu,target model mu
0.96667,1.2126405239105225,0.9014544772902069,0.90145447729,0.90145447729
1.0,1.8302295207977295,0.9911220420501947,1.02574825027,0.87517073963
0.93333,1.8883216381072998,0.7022589375581225,0.727276574009,0.78959349001
1.0,1.928026795387268,0.9700355017935547,1.03514073614,0.971639310662
1.0,1.7044585943222046,0.976610112850703,0.976567198687,0.975483087988
0.96667,1.665603518486023,1.0168278565853406,1.09107767216,0.930259235023
1.0,1.9497016668319702,0.9771807029215045,0.983205462256,0.948931663333
1.0,1.265828251838684,0.8484551956860256,0.857467220201,0.963208276818
